{"name":null,"assets":"aoy4:pathy50:assets%2Fweek3%2Fimages%2Fphilly%2FbehindTrain.pngy4:sizei51391y4:typey5:IMAGEy2:idR1goR0y43:assets%2Fweek3%2Fimages%2Fphilly%2Fcity.pngR2i167048R3R4R5R6goR0y42:assets%2Fweek3%2Fimages%2Fphilly%2Fsky.pngR2i438577R3R4R5R7goR0y45:assets%2Fweek3%2Fimages%2Fphilly%2Fstreet.pngR2i146849R3R4R5R8goR0y44:assets%2Fweek3%2Fimages%2Fphilly%2Ftrain.pngR2i186831R3R4R5R9goR0y43:assets%2Fweek3%2Fimages%2Fphilly%2Fwin0.pngR2i30819R3R4R5R10goR0y43:assets%2Fweek3%2Fimages%2Fphilly%2Fwin1.pngR2i30568R3R4R5R11goR0y43:assets%2Fweek3%2Fimages%2Fphilly%2Fwin2.pngR2i31185R3R4R5R12goR0y43:assets%2Fweek3%2Fimages%2Fphilly%2Fwin3.pngR2i30319R3R4R5R13goR0y43:assets%2Fweek3%2Fimages%2Fphilly%2Fwin4.pngR2i31128R3R4R5R14goR0y42:assets%2Fweek3%2Fsounds%2Ftrain_passes.oggR2i258325R3y5:SOUNDR5R15goR0y37:assets%2Fweek3%2Fweek3_stuff_here.txtR2zR3y4:TEXTR5R17gh","rootPath":"../","version":2,"libraryArgs":[],"libraryType":null}