{"name":null,"assets":"aoy4:pathy53:assets%2Fweek5%2Fimages%2Fchristmas%2FbgEscalator.pngy4:sizei166108y4:typey5:IMAGEy2:idR1goR0y49:assets%2Fweek5%2Fimages%2Fchristmas%2FbgWalls.pngR2i935132R3R4R5R6goR0y51:assets%2Fweek5%2Fimages%2Fchristmas%2FbottomBop.pngR2i2084518R3R4R5R7goR0y51:assets%2Fweek5%2Fimages%2Fchristmas%2FbottomBop.xmlR2i4624R3y4:TEXTR5R8goR0y55:assets%2Fweek5%2Fimages%2Fchristmas%2FchristmasTree.pngR2i69663R3R4R5R10goR0y48:assets%2Fweek5%2Fimages%2Fchristmas%2FevilBG.pngR2i1230014R3R4R5R11goR0y50:assets%2Fweek5%2Fimages%2Fchristmas%2FevilSnow.pngR2i17859R3R4R5R12goR0y50:assets%2Fweek5%2Fimages%2Fchristmas%2FevilTree.pngR2i115115R3R4R5R13goR0y48:assets%2Fweek5%2Fimages%2Fchristmas%2FfgSnow.pngR2i10538R3R4R5R14goR0y47:assets%2Fweek5%2Fimages%2Fchristmas%2Fsanta.pngR2i1066130R3R4R5R15goR0y47:assets%2Fweek5%2Fimages%2Fchristmas%2Fsanta.xmlR2i2251R3R9R5R16goR0y50:assets%2Fweek5%2Fimages%2Fchristmas%2FupperBop.pngR2i645807R3R4R5R17goR0y50:assets%2Fweek5%2Fimages%2Fchristmas%2FupperBop.xmlR2i2064R3R9R5R18goR0y45:assets%2Fweek5%2Fsounds%2FLights_Shut_off.oggR2i55298R3y5:SOUNDR5R19goR0y44:assets%2Fweek5%2Fsounds%2FLights_Turn_On.oggR2i82248R3R20R5R21goR0y37:assets%2Fweek5%2Fweek5_stuff_here.txtR2zR3R9R5R22gh","rootPath":"../","version":2,"libraryArgs":[],"libraryType":null}