{"name":null,"assets":"aoy4:pathy52:assets%2Fweek4%2Fimages%2Fgore%2FcoldHeartKiller.pngy4:sizei64671y4:typey5:IMAGEy2:idR1goR0y46:assets%2Fweek4%2Fimages%2Fgore%2FmetalPole.pngR2i5425R3R4R5R6goR0y44:assets%2Fweek4%2Fimages%2Fgore%2Fnoooooo.pngR2i471363R3R4R5R7goR0y44:assets%2Fweek4%2Fimages%2Fgore%2Fnoooooo.xmlR2i14562R3y4:TEXTR5R8goR0y48:assets%2Fweek4%2Fimages%2Fgore%2FstupidBlood.pngR2i43297R3R4R5R10goR0y48:assets%2Fweek4%2Fimages%2Fgore%2FstupidBlood.xmlR2i1737R3R9R5R11goR0y43:assets%2Fweek4%2Fimages%2Flimo%2FbgLimo.pngR2i859505R3R4R5R12goR0y43:assets%2Fweek4%2Fimages%2Flimo%2FbgLimo.xmlR2i803R3R9R5R13goR0y41:assets%2Fweek4%2Fimages%2Flimo%2Fdumb.pngR2i47055R3R4R5R14goR0y47:assets%2Fweek4%2Fimages%2Flimo%2FfastCarLol.pngR2i310592R3R4R5R15goR0y47:assets%2Fweek4%2Fimages%2Flimo%2FlimoDancer.pngR2i642819R3R4R5R16goR0y47:assets%2Fweek4%2Fimages%2Flimo%2FlimoDancer.xmlR2i4710R3R9R5R17goR0y46:assets%2Fweek4%2Fimages%2Flimo%2FlimoDrive.pngR2i607493R3R4R5R18goR0y46:assets%2Fweek4%2Fimages%2Flimo%2FlimoDrive.xmlR2i524R3R9R5R19goR0y47:assets%2Fweek4%2Fimages%2Flimo%2FlimoSunset.pngR2i1141336R3R4R5R20goR0y38:assets%2Fweek4%2Fsounds%2FcarPass0.oggR2i47736R3y5:SOUNDR5R21goR0y38:assets%2Fweek4%2Fsounds%2FcarPass1.oggR2i50294R3R22R5R23goR0y41:assets%2Fweek4%2Fsounds%2Fdancerdeath.oggR2i40006R3R22R5R24goR0y37:assets%2Fweek4%2Fweek4_stuff_here.txtR2zR3R9R5R25gh","rootPath":"../","version":2,"libraryArgs":[],"libraryType":null}