{"name":null,"assets":"aoy4:pathy55:assets%2Fweek6%2Fimages%2Fweeb%2FanimatedEvilSchool.pngy4:sizei289191y4:typey5:IMAGEy2:idR1goR0y55:assets%2Fweek6%2Fimages%2Fweeb%2FanimatedEvilSchool.xmlR2i3932R3y4:TEXTR5R6goR0y59:assets%2Fweek6%2Fimages%2Fweeb%2FanimatedEvilSchool_low.pngR2i16752R3R4R5R8goR0y47:assets%2Fweek6%2Fimages%2Fweeb%2FbfPortrait.pngR2i9778R3R4R5R9goR0y47:assets%2Fweek6%2Fimages%2Fweeb%2FbfPortrait.xmlR2i1140R3R7R5R10goR0y45:assets%2Fweek6%2Fimages%2Fweeb%2FbgFreaks.pngR2i101100R3R4R5R11goR0y45:assets%2Fweek6%2Fimages%2Fweeb%2FbgFreaks.xmlR2i5276R3R7R5R12goR0y45:assets%2Fweek6%2Fimages%2Fweeb%2FbgGhouls.pngR2i54753R3R4R5R13goR0y45:assets%2Fweek6%2Fimages%2Fweeb%2FbgGhouls.xmlR2i2009R3R7R5R14goR0y49:assets%2Fweek6%2Fimages%2Fweeb%2FevilSchoolBG.pngR2i12567R3R4R5R15goR0y49:assets%2Fweek6%2Fimages%2Fweeb%2FevilSchoolFG.pngR2i6220R3R4R5R16goR0y43:assets%2Fweek6%2Fimages%2Fweeb%2Fpetals.pngR2i18969R3R4R5R17goR0y43:assets%2Fweek6%2Fimages%2Fweeb%2Fpetals.xmlR2i4618R3R7R5R18goR0y63:assets%2Fweek6%2Fimages%2Fweeb%2FpixelUI%2FdialogueBox-evil.pngR2i1425R3R4R5R19goR0y63:assets%2Fweek6%2Fimages%2Fweeb%2FpixelUI%2FdialogueBox-evil.xmlR2i1402R3R7R5R20goR0y64:assets%2Fweek6%2Fimages%2Fweeb%2FpixelUI%2FdialogueBox-pixel.pngR2i7200R3R4R5R21goR0y64:assets%2Fweek6%2Fimages%2Fweeb%2FpixelUI%2FdialogueBox-pixel.xmlR2i690R3R7R5R22goR0y68:assets%2Fweek6%2Fimages%2Fweeb%2FpixelUI%2FdialogueBox-senpaiMad.pngR2i26689R3R4R5R23goR0y68:assets%2Fweek6%2Fimages%2Fweeb%2FpixelUI%2FdialogueBox-senpaiMad.xmlR2i1063R3R7R5R24goR0y59:assets%2Fweek6%2Fimages%2Fweeb%2FpixelUI%2Fhand_textbox.pngR2i260R3R4R5R25goR0y48:assets%2Fweek6%2Fimages%2Fweeb%2FsenpaiCrazy.pngR2i14142R3R4R5R26goR0y48:assets%2Fweek6%2Fimages%2Fweeb%2FsenpaiCrazy.xmlR2i19935R3R7R5R27goR0y51:assets%2Fweek6%2Fimages%2Fweeb%2FsenpaiPortrait.pngR2i14440R3R4R5R28goR0y51:assets%2Fweek6%2Fimages%2Fweeb%2FsenpaiPortrait.xmlR2i1117R3R7R5R29goR0y54:assets%2Fweek6%2Fimages%2Fweeb%2FspiritFaceForward.pngR2i2014R3R4R5R30goR0y50:assets%2Fweek6%2Fimages%2Fweeb%2FweebTreesBack.pngR2i1465R3R4R5R31goR0y43:assets%2Fweek6%2Fmusic%2FgameOver-pixel.oggR2i1625233R3y5:MUSICR5R32goR0y46:assets%2Fweek6%2Fmusic%2FgameOverEnd-pixel.oggR2i94419R3y5:SOUNDR5R34goR0y37:assets%2Fweek6%2Fmusic%2FLunchbox.oggR2i491250R3R35R5R36goR0y42:assets%2Fweek6%2Fmusic%2FLunchboxScary.oggR2i253221R3R35R5R37goR0y48:assets%2Fweek6%2Fsounds%2Ffnf_loss_sfx-pixel.oggR2i64518R3R35R5R38goR0y39:assets%2Fweek6%2Fsounds%2FpixelText.oggR2i4567R3R35R5R39goR0y41:assets%2Fweek6%2Fsounds%2FSenpai_Dies.oggR2i136579R3R35R5R40goR0y37:assets%2Fweek6%2Fweek6_stuff_here.txtR2zR3R7R5R41gh","rootPath":"../","version":2,"libraryArgs":[],"libraryType":null}